<?xml version="1.0" encoding="UTF-8" standalone="yes"?>
<template encoding-version="1.2">
    <description></description>
    <groupId>298b6a2f-016c-1000-824a-be64101825d1</groupId>
    <name>projeto</name>
    <snippet>
        <connections>
            <id>aa062393-9ddd-3ed7-0000-000000000000</id>
            <parentGroupId>5854079d-7d5f-360b-0000-000000000000</parentGroupId>
            <backPressureDataSizeThreshold>1 GB</backPressureDataSizeThreshold>
            <backPressureObjectThreshold>10000</backPressureObjectThreshold>
            <destination>
                <groupId>5854079d-7d5f-360b-0000-000000000000</groupId>
                <id>72230a92-6ddf-3973-0000-000000000000</id>
                <type>PROCESSOR</type>
            </destination>
            <flowFileExpiration>0 sec</flowFileExpiration>
            <labelIndex>1</labelIndex>
            <loadBalanceCompression>DO_NOT_COMPRESS</loadBalanceCompression>
            <loadBalancePartitionAttribute></loadBalancePartitionAttribute>
            <loadBalanceStatus>LOAD_BALANCE_NOT_CONFIGURED</loadBalanceStatus>
            <loadBalanceStrategy>DO_NOT_LOAD_BALANCE</loadBalanceStrategy>
            <name></name>
            <selectedRelationships>success</selectedRelationships>
            <source>
                <groupId>5854079d-7d5f-360b-0000-000000000000</groupId>
                <id>b207376d-6a3f-3bb3-0000-000000000000</id>
                <type>PROCESSOR</type>
            </source>
            <zIndex>0</zIndex>
        </connections>
        <processors>
            <id>72230a92-6ddf-3973-0000-000000000000</id>
            <parentGroupId>5854079d-7d5f-360b-0000-000000000000</parentGroupId>
            <position>
                <x>618.0</x>
                <y>0.0</y>
            </position>
            <bundle>
                <artifact>nifi-kafka-0-10-nar</artifact>
                <group>org.apache.nifi</group>
                <version>1.9.2</version>
            </bundle>
            <config>
                <bulletinLevel>WARN</bulletinLevel>
                <comments></comments>
                <concurrentlySchedulableTaskCount>1</concurrentlySchedulableTaskCount>
                <descriptors>
                    <entry>
                        <key>bootstrap.servers</key>
                        <value>
                            <name>bootstrap.servers</name>
                        </value>
                    </entry>
                    <entry>
                        <key>security.protocol</key>
                        <value>
                            <name>security.protocol</name>
                        </value>
                    </entry>
                    <entry>
                        <key>sasl.kerberos.service.name</key>
                        <value>
                            <name>sasl.kerberos.service.name</name>
                        </value>
                    </entry>
                    <entry>
                        <key>kerberos-credentials-service</key>
                        <value>
                            <identifiesControllerService>org.apache.nifi.kerberos.KerberosCredentialsService</identifiesControllerService>
                            <name>kerberos-credentials-service</name>
                        </value>
                    </entry>
                    <entry>
                        <key>sasl.kerberos.principal</key>
                        <value>
                            <name>sasl.kerberos.principal</name>
                        </value>
                    </entry>
                    <entry>
                        <key>sasl.kerberos.keytab</key>
                        <value>
                            <name>sasl.kerberos.keytab</name>
                        </value>
                    </entry>
                    <entry>
                        <key>ssl.context.service</key>
                        <value>
                            <identifiesControllerService>org.apache.nifi.ssl.SSLContextService</identifiesControllerService>
                            <name>ssl.context.service</name>
                        </value>
                    </entry>
                    <entry>
                        <key>topic</key>
                        <value>
                            <name>topic</name>
                        </value>
                    </entry>
                    <entry>
                        <key>acks</key>
                        <value>
                            <name>acks</name>
                        </value>
                    </entry>
                    <entry>
                        <key>kafka-key</key>
                        <value>
                            <name>kafka-key</name>
                        </value>
                    </entry>
                    <entry>
                        <key>key-attribute-encoding</key>
                        <value>
                            <name>key-attribute-encoding</name>
                        </value>
                    </entry>
                    <entry>
                        <key>message-demarcator</key>
                        <value>
                            <name>message-demarcator</name>
                        </value>
                    </entry>
                    <entry>
                        <key>max.request.size</key>
                        <value>
                            <name>max.request.size</name>
                        </value>
                    </entry>
                    <entry>
                        <key>ack.wait.time</key>
                        <value>
                            <name>ack.wait.time</name>
                        </value>
                    </entry>
                    <entry>
                        <key>max.block.ms</key>
                        <value>
                            <name>max.block.ms</name>
                        </value>
                    </entry>
                    <entry>
                        <key>partitioner.class</key>
                        <value>
                            <name>partitioner.class</name>
                        </value>
                    </entry>
                    <entry>
                        <key>compression.type</key>
                        <value>
                            <name>compression.type</name>
                        </value>
                    </entry>
                </descriptors>
                <executionNode>ALL</executionNode>
                <lossTolerant>false</lossTolerant>
                <penaltyDuration>30 sec</penaltyDuration>
                <properties>
                    <entry>
                        <key>bootstrap.servers</key>
                        <value>localhost:9092</value>
                    </entry>
                    <entry>
                        <key>security.protocol</key>
                        <value>PLAINTEXT</value>
                    </entry>
                    <entry>
                        <key>sasl.kerberos.service.name</key>
                    </entry>
                    <entry>
                        <key>kerberos-credentials-service</key>
                    </entry>
                    <entry>
                        <key>sasl.kerberos.principal</key>
                    </entry>
                    <entry>
                        <key>sasl.kerberos.keytab</key>
                    </entry>
                    <entry>
                        <key>ssl.context.service</key>
                    </entry>
                    <entry>
                        <key>topic</key>
                        <value>sptrans</value>
                    </entry>
                    <entry>
                        <key>acks</key>
                        <value>0</value>
                    </entry>
                    <entry>
                        <key>kafka-key</key>
                    </entry>
                    <entry>
                        <key>key-attribute-encoding</key>
                        <value>utf-8</value>
                    </entry>
                    <entry>
                        <key>message-demarcator</key>
                    </entry>
                    <entry>
                        <key>max.request.size</key>
                        <value>1 MB</value>
                    </entry>
                    <entry>
                        <key>ack.wait.time</key>
                        <value>5 secs</value>
                    </entry>
                    <entry>
                        <key>max.block.ms</key>
                        <value>5 sec</value>
                    </entry>
                    <entry>
                        <key>partitioner.class</key>
                        <value>org.apache.kafka.clients.producer.internals.DefaultPartitioner</value>
                    </entry>
                    <entry>
                        <key>compression.type</key>
                        <value>none</value>
                    </entry>
                </properties>
                <runDurationMillis>0</runDurationMillis>
                <schedulingPeriod>0 sec</schedulingPeriod>
                <schedulingStrategy>TIMER_DRIVEN</schedulingStrategy>
                <yieldDuration>1 sec</yieldDuration>
            </config>
            <executionNodeRestricted>false</executionNodeRestricted>
            <name>PublishKafka_0_10</name>
            <relationships>
                <autoTerminate>true</autoTerminate>
                <name>failure</name>
            </relationships>
            <relationships>
                <autoTerminate>true</autoTerminate>
                <name>success</name>
            </relationships>
            <state>STOPPED</state>
            <style/>
            <type>org.apache.nifi.processors.kafka.pubsub.PublishKafka_0_10</type>
        </processors>
        <processors>
            <id>b207376d-6a3f-3bb3-0000-000000000000</id>
            <parentGroupId>5854079d-7d5f-360b-0000-000000000000</parentGroupId>
            <position>
                <x>0.0</x>
                <y>5.499996185302734</y>
            </position>
            <bundle>
                <artifact>nifi-standard-nar</artifact>
                <group>org.apache.nifi</group>
                <version>1.9.2</version>
            </bundle>
            <config>
                <bulletinLevel>WARN</bulletinLevel>
                <comments></comments>
                <concurrentlySchedulableTaskCount>1</concurrentlySchedulableTaskCount>
                <descriptors>
                    <entry>
                        <key>Command</key>
                        <value>
                            <name>Command</name>
                        </value>
                    </entry>
                    <entry>
                        <key>Command Arguments</key>
                        <value>
                            <name>Command Arguments</name>
                        </value>
                    </entry>
                    <entry>
                        <key>Batch Duration</key>
                        <value>
                            <name>Batch Duration</name>
                        </value>
                    </entry>
                    <entry>
                        <key>Redirect Error Stream</key>
                        <value>
                            <name>Redirect Error Stream</name>
                        </value>
                    </entry>
                    <entry>
                        <key>Working Directory</key>
                        <value>
                            <name>Working Directory</name>
                        </value>
                    </entry>
                    <entry>
                        <key>Argument Delimiter</key>
                        <value>
                            <name>Argument Delimiter</name>
                        </value>
                    </entry>
                </descriptors>
                <executionNode>ALL</executionNode>
                <lossTolerant>false</lossTolerant>
                <penaltyDuration>30 sec</penaltyDuration>
                <properties>
                    <entry>
                        <key>Command</key>
                        <value>bash</value>
                    </entry>
                    <entry>
                        <key>Command Arguments</key>
                        <value>/home/cloudera/sptrans.sh</value>
                    </entry>
                    <entry>
                        <key>Batch Duration</key>
                    </entry>
                    <entry>
                        <key>Redirect Error Stream</key>
                        <value>false</value>
                    </entry>
                    <entry>
                        <key>Working Directory</key>
                    </entry>
                    <entry>
                        <key>Argument Delimiter</key>
                        <value> </value>
                    </entry>
                </properties>
                <runDurationMillis>0</runDurationMillis>
                <schedulingPeriod>20 sec</schedulingPeriod>
                <schedulingStrategy>TIMER_DRIVEN</schedulingStrategy>
                <yieldDuration>1 sec</yieldDuration>
            </config>
            <executionNodeRestricted>false</executionNodeRestricted>
            <name>ExecuteProcess</name>
            <relationships>
                <autoTerminate>false</autoTerminate>
                <name>success</name>
            </relationships>
            <state>STOPPED</state>
            <style/>
            <type>org.apache.nifi.processors.standard.ExecuteProcess</type>
        </processors>
    </snippet>
    <timestamp>07/25/2019 15:40:50 BRT</timestamp>
</template>
